"claim_filed_by","regular_ui","pua_new","pua_reclassified","peuc_claims","week_ending","median"
"ALLEGANY",42,0,0,0,"Jan 6",53
"ANNE ARUNDEL",186,0,0,0,"Jan 6",53
"BALTIMORE",385,0,0,0,"Jan 6",53
"BALTIMORE CITY",332,0,0,0,"Jan 6",53
"CALVERT",33,0,0,0,"Jan 6",53
"CAROLINE",16,0,0,0,"Jan 6",53
"CARROLL",73,0,0,0,"Jan 6",53
"CECIL",41,0,0,0,"Jan 6",53
"CHARLES",78,0,0,0,"Jan 6",53
"DORCHESTER",23,0,0,0,"Jan 6",53
"FREDERICK",105,0,0,0,"Jan 6",53
"GARRETT",31,0,0,0,"Jan 6",53
"HARFORD",114,0,0,0,"Jan 6",53
"HOWARD",83,0,0,0,"Jan 6",53
"KENT",13,0,0,0,"Jan 6",53
"MONTGOMERY",231,0,0,0,"Jan 6",53
"NON-MARYLAND",257,0,0,0,"Jan 6",53
"PRINCE GEORGES",275,0,0,0,"Jan 6",53
"QUEEN ANNES",21,0,0,0,"Jan 6",53
"SOMERSET",9,0,0,0,"Jan 6",53
"ST MARYS",26,0,0,0,"Jan 6",53
"TALBOT",21,0,0,0,"Jan 6",53
"Unknown",40,0,0,0,"Jan 6",53
"WASHINGTON",60,0,0,0,"Jan 6",53
"WICOMICO",46,0,0,0,"Jan 6",53
"WORCESTER",84,0,0,0,"Jan 6",53
"ALLEGANY",42,0,0,0,"Jan 13",59.5
"ANNE ARUNDEL",202,0,0,0,"Jan 13",59.5
"BALTIMORE",446,0,0,0,"Jan 13",59.5
"BALTIMORE CITY",363,0,0,0,"Jan 13",59.5
"CALVERT",26,0,0,0,"Jan 13",59.5
"CAROLINE",27,0,0,0,"Jan 13",59.5
"CARROLL",72,0,0,0,"Jan 13",59.5
"CECIL",29,0,0,0,"Jan 13",59.5
"CHARLES",64,0,0,0,"Jan 13",59.5
"DORCHESTER",17,0,0,0,"Jan 13",59.5
"FREDERICK",95,0,0,0,"Jan 13",59.5
"GARRETT",36,0,0,0,"Jan 13",59.5
"HARFORD",136,0,0,0,"Jan 13",59.5
"HOWARD",95,0,0,0,"Jan 13",59.5
"KENT",11,0,0,0,"Jan 13",59.5
"MONTGOMERY",291,0,0,0,"Jan 13",59.5
"NON-MARYLAND",316,0,0,1,"Jan 13",59.5
"PRINCE GEORGES",335,0,0,0,"Jan 13",59.5
"QUEEN ANNES",18,0,0,0,"Jan 13",59.5
"SOMERSET",19,0,0,0,"Jan 13",59.5
"ST MARYS",26,0,0,0,"Jan 13",59.5
"TALBOT",18,0,0,0,"Jan 13",59.5
"Unknown",27,0,0,0,"Jan 13",59.5
"WASHINGTON",85,0,0,0,"Jan 13",59.5
"WICOMICO",55,0,0,0,"Jan 13",59.5
"WORCESTER",113,0,0,0,"Jan 13",59.5
"ALLEGANY",35,0,0,0,"Jan 20",54
"ANNE ARUNDEL",261,0,0,0,"Jan 20",54
"BALTIMORE",369,0,0,0,"Jan 20",54
"BALTIMORE CITY",299,0,0,0,"Jan 20",54
"CALVERT",31,0,0,0,"Jan 20",54
"CAROLINE",16,0,0,0,"Jan 20",54
"CARROLL",54,0,0,0,"Jan 20",54
"CECIL",54,0,0,0,"Jan 20",54
"CHARLES",50,0,0,0,"Jan 20",54
"DORCHESTER",23,0,0,0,"Jan 20",54
"FREDERICK",69,0,0,0,"Jan 20",54
"GARRETT",22,0,0,0,"Jan 20",54
"HARFORD",117,0,0,0,"Jan 20",54
"HOWARD",81,0,0,0,"Jan 20",54
"KENT",13,0,0,0,"Jan 20",54
"MONTGOMERY",235,0,0,0,"Jan 20",54
"NON-MARYLAND",232,0,0,0,"Jan 20",54
"PRINCE GEORGES",305,0,0,0,"Jan 20",54
"QUEEN ANNES",19,0,0,0,"Jan 20",54
"SOMERSET",20,0,0,0,"Jan 20",54
"ST MARYS",20,0,0,0,"Jan 20",54
"TALBOT",14,0,0,0,"Jan 20",54
"Unknown",28,0,0,0,"Jan 20",54
"WASHINGTON",70,0,0,0,"Jan 20",54
"WICOMICO",59,0,0,0,"Jan 20",54
"WORCESTER",65,0,0,0,"Jan 20",54
"ALLEGANY",31,0,0,0,"Jan 27",44.5
"ANNE ARUNDEL",197,0,0,0,"Jan 27",44.5
"BALTIMORE",449,0,0,0,"Jan 27",44.5
"BALTIMORE CITY",399,0,0,1,"Jan 27",44.5
"CALVERT",29,0,0,0,"Jan 27",44.5
"CAROLINE",10,0,0,0,"Jan 27",44.5
"CARROLL",75,0,0,0,"Jan 27",44.5
"CECIL",31,0,0,0,"Jan 27",44.5
"CHARLES",46,0,0,0,"Jan 27",44.5
"DORCHESTER",17,0,0,0,"Jan 27",44.5
"FREDERICK",92,0,0,0,"Jan 27",44.5
"GARRETT",11,0,0,0,"Jan 27",44.5
"HARFORD",119,0,0,0,"Jan 27",44.5
"HOWARD",95,0,0,0,"Jan 27",44.5
"KENT",8,0,0,0,"Jan 27",44.5
"MONTGOMERY",248,0,0,0,"Jan 27",44.5
"NON-MARYLAND",254,0,0,0,"Jan 27",44.5
"PRINCE GEORGES",331,0,0,0,"Jan 27",44.5
"QUEEN ANNES",12,0,0,0,"Jan 27",44.5
"SOMERSET",9,0,0,0,"Jan 27",44.5
"ST MARYS",10,0,0,0,"Jan 27",44.5
"TALBOT",15,0,0,0,"Jan 27",44.5
"Unknown",31,0,0,0,"Jan 27",44.5
"WASHINGTON",79,0,0,0,"Jan 27",44.5
"WICOMICO",54,0,0,0,"Jan 27",44.5
"WORCESTER",43,0,0,0,"Jan 27",44.5
"ALLEGANY",31,0,0,0,"Feb 3",40.5
"ANNE ARUNDEL",156,0,0,0,"Feb 3",40.5
"BALTIMORE",392,0,0,0,"Feb 3",40.5
"BALTIMORE CITY",337,0,0,1,"Feb 3",40.5
"CALVERT",28,0,0,0,"Feb 3",40.5
"CAROLINE",13,0,0,0,"Feb 3",40.5
"CARROLL",46,0,0,0,"Feb 3",40.5
"CECIL",35,0,0,0,"Feb 3",40.5
"CHARLES",47,0,0,0,"Feb 3",40.5
"DORCHESTER",17,0,0,0,"Feb 3",40.5
"FREDERICK",102,0,0,0,"Feb 3",40.5
"GARRETT",16,0,0,0,"Feb 3",40.5
"HARFORD",104,0,0,0,"Feb 3",40.5
"HOWARD",111,0,0,0,"Feb 3",40.5
"KENT",0,0,0,0,"Feb 3",40.5
"MONTGOMERY",260,0,0,0,"Feb 3",40.5
"NON-MARYLAND",288,0,0,0,"Feb 3",40.5
"PRINCE GEORGES",326,0,0,0,"Feb 3",40.5
"QUEEN ANNES",11,0,0,0,"Feb 3",40.5
"SOMERSET",3,0,0,0,"Feb 3",40.5
"ST MARYS",13,0,0,0,"Feb 3",40.5
"TALBOT",11,0,0,0,"Feb 3",40.5
"Unknown",23,0,0,0,"Feb 3",40.5
"WASHINGTON",116,0,0,0,"Feb 3",40.5
"WICOMICO",42,0,0,0,"Feb 3",40.5
"WORCESTER",39,0,0,0,"Feb 3",40.5
"ALLEGANY",28,0,0,0,"Feb 10",35.5
"ANNE ARUNDEL",188,0,0,0,"Feb 10",35.5
"BALTIMORE",367,0,0,0,"Feb 10",35.5
"BALTIMORE CITY",354,0,0,0,"Feb 10",35.5
"CALVERT",17,0,0,0,"Feb 10",35.5
"CAROLINE",11,0,0,0,"Feb 10",35.5
"CARROLL",55,0,0,0,"Feb 10",35.5
"CECIL",20,0,0,0,"Feb 10",35.5
"CHARLES",46,0,0,0,"Feb 10",35.5
"DORCHESTER",16,0,0,0,"Feb 10",35.5
"FREDERICK",104,0,0,0,"Feb 10",35.5
"GARRETT",11,0,0,0,"Feb 10",35.5
"HARFORD",111,0,0,0,"Feb 10",35.5
"HOWARD",80,0,0,0,"Feb 10",35.5
"KENT",5,0,0,0,"Feb 10",35.5
"MONTGOMERY",260,0,0,0,"Feb 10",35.5
"NON-MARYLAND",324,0,0,0,"Feb 10",35.5
"PRINCE GEORGES",325,0,0,0,"Feb 10",35.5
"QUEEN ANNES",20,0,0,0,"Feb 10",35.5
"SOMERSET",7,0,0,0,"Feb 10",35.5
"ST MARYS",20,0,0,0,"Feb 10",35.5
"TALBOT",14,0,0,0,"Feb 10",35.5
"Unknown",26,0,0,0,"Feb 10",35.5
"WASHINGTON",128,0,0,0,"Feb 10",35.5
"WICOMICO",34,0,0,0,"Feb 10",35.5
"WORCESTER",37,0,0,0,"Feb 10",35.5
"ALLEGANY",27,0,0,0,"Feb 17",33.5
"ANNE ARUNDEL",160,0,0,0,"Feb 17",33.5
"BALTIMORE",328,0,0,0,"Feb 17",33.5
"BALTIMORE CITY",302,0,0,1,"Feb 17",33.5
"CALVERT",16,0,0,0,"Feb 17",33.5
"CAROLINE",12,0,0,0,"Feb 17",33.5
"CARROLL",28,0,0,0,"Feb 17",33.5
"CECIL",37,0,0,0,"Feb 17",33.5
"CHARLES",41,0,0,0,"Feb 17",33.5
"DORCHESTER",14,0,0,0,"Feb 17",33.5
"FREDERICK",49,0,0,0,"Feb 17",33.5
"GARRETT",14,0,0,0,"Feb 17",33.5
"HARFORD",90,0,0,0,"Feb 17",33.5
"HOWARD",86,0,0,0,"Feb 17",33.5
"KENT",3,0,0,0,"Feb 17",33.5
"MONTGOMERY",255,0,0,0,"Feb 17",33.5
"NON-MARYLAND",215,0,0,0,"Feb 17",33.5
"PRINCE GEORGES",285,0,0,0,"Feb 17",33.5
"QUEEN ANNES",14,0,0,0,"Feb 17",33.5
"SOMERSET",7,0,0,0,"Feb 17",33.5
"ST MARYS",11,0,0,0,"Feb 17",33.5
"TALBOT",9,0,0,0,"Feb 17",33.5
"Unknown",23,0,0,0,"Feb 17",33.5
"WASHINGTON",73,0,0,0,"Feb 17",33.5
"WICOMICO",33,0,0,0,"Feb 17",33.5
"WORCESTER",34,0,0,0,"Feb 17",33.5
"ALLEGANY",19,0,0,0,"Feb 24",31.5
"ANNE ARUNDEL",130,0,0,0,"Feb 24",31.5
"BALTIMORE",340,0,0,0,"Feb 24",31.5
"BALTIMORE CITY",285,0,0,0,"Feb 24",31.5
"CALVERT",19,0,0,0,"Feb 24",31.5
"CAROLINE",5,0,0,0,"Feb 24",31.5
"CARROLL",36,0,0,0,"Feb 24",31.5
"CECIL",23,0,0,0,"Feb 24",31.5
"CHARLES",44,0,0,0,"Feb 24",31.5
"DORCHESTER",10,0,0,0,"Feb 24",31.5
"FREDERICK",56,0,0,0,"Feb 24",31.5
"GARRETT",8,0,0,0,"Feb 24",31.5
"HARFORD",70,0,0,0,"Feb 24",31.5
"HOWARD",90,0,0,0,"Feb 24",31.5
"KENT",5,0,0,0,"Feb 24",31.5
"MONTGOMERY",193,0,0,0,"Feb 24",31.5
"NON-MARYLAND",163,0,0,0,"Feb 24",31.5
"PRINCE GEORGES",261,0,0,0,"Feb 24",31.5
"QUEEN ANNES",10,0,0,0,"Feb 24",31.5
"SOMERSET",8,0,0,0,"Feb 24",31.5
"ST MARYS",15,0,0,0,"Feb 24",31.5
"TALBOT",8,0,0,0,"Feb 24",31.5
"Unknown",16,0,0,0,"Feb 24",31.5
"WASHINGTON",53,0,0,0,"Feb 24",31.5
"WICOMICO",35,0,0,0,"Feb 24",31.5
"WORCESTER",28,0,0,0,"Feb 24",31.5
"ALLEGANY",14,0,0,0,"March 3",31.5
"ANNE ARUNDEL",164,0,0,0,"March 3",31.5
"BALTIMORE",358,0,0,0,"March 3",31.5
"BALTIMORE CITY",280,0,0,0,"March 3",31.5
"CALVERT",30,0,0,0,"March 3",31.5
"CAROLINE",7,0,0,0,"March 3",31.5
"CARROLL",33,0,0,0,"March 3",31.5
"CECIL",25,0,0,0,"March 3",31.5
"CHARLES",51,0,0,0,"March 3",31.5
"DORCHESTER",12,0,0,0,"March 3",31.5
"FREDERICK",74,0,0,0,"March 3",31.5
"GARRETT",10,0,0,0,"March 3",31.5
"HARFORD",73,0,0,0,"March 3",31.5
"HOWARD",81,0,0,0,"March 3",31.5
"KENT",2,0,0,0,"March 3",31.5
"MONTGOMERY",232,0,0,1,"March 3",31.5
"NON-MARYLAND",163,0,0,1,"March 3",31.5
"PRINCE GEORGES",267,0,0,0,"March 3",31.5
"QUEEN ANNES",8,0,0,0,"March 3",31.5
"SOMERSET",8,0,0,0,"March 3",31.5
"ST MARYS",10,0,0,0,"March 3",31.5
"TALBOT",7,0,0,0,"March 3",31.5
"Unknown",15,0,0,0,"March 3",31.5
"WASHINGTON",42,0,0,0,"March 3",31.5
"WICOMICO",33,0,0,0,"March 3",31.5
"WORCESTER",21,0,0,0,"March 3",31.5
"ALLEGANY",20,0,0,0,"March 9",32
"ANNE ARUNDEL",172,0,0,0,"March 9",32
"BALTIMORE",344,0,0,0,"March 9",32
"BALTIMORE CITY",315,0,0,0,"March 9",32
"CALVERT",32,0,0,0,"March 9",32
"CAROLINE",6,0,0,0,"March 9",32
"CARROLL",32,0,0,0,"March 9",32
"CECIL",31,0,0,0,"March 9",32
"CHARLES",60,0,0,0,"March 9",32
"DORCHESTER",6,0,0,0,"March 9",32
"FREDERICK",81,0,0,0,"March 9",32
"GARRETT",7,0,0,0,"March 9",32
"HARFORD",76,0,0,0,"March 9",32
"HOWARD",89,0,0,0,"March 9",32
"KENT",5,0,0,0,"March 9",32
"MONTGOMERY",234,0,0,0,"March 9",32
"NON-MARYLAND",176,0,0,0,"March 9",32
"PRINCE GEORGES",278,0,0,0,"March 9",32
"QUEEN ANNES",10,0,0,0,"March 9",32
"SOMERSET",7,0,0,0,"March 9",32
"ST MARYS",14,0,0,0,"March 9",32
"TALBOT",5,0,0,0,"March 9",32
"Unknown",16,0,0,0,"March 9",32
"WASHINGTON",57,0,0,0,"March 9",32
"WICOMICO",33,0,0,0,"March 9",32
"WORCESTER",17,0,0,0,"March 9",32
"ALLEGANY",24,0,0,0,"March 16",31
"ANNE ARUNDEL",114,0,0,0,"March 16",31
"BALTIMORE",327,0,0,0,"March 16",31
"BALTIMORE CITY",313,0,0,0,"March 16",31
"CALVERT",19,0,0,0,"March 16",31
"CAROLINE",6,0,0,0,"March 16",31
"CARROLL",47,0,0,0,"March 16",31
"CECIL",28,0,0,0,"March 16",31
"CHARLES",46,0,0,0,"March 16",31
"DORCHESTER",15,0,0,0,"March 16",31
"FREDERICK",57,0,0,0,"March 16",31
"GARRETT",11,0,0,0,"March 16",31
"HARFORD",81,0,0,0,"March 16",31
"HOWARD",62,0,0,0,"March 16",31
"KENT",2,0,0,0,"March 16",31
"MONTGOMERY",218,0,0,0,"March 16",31
"NON-MARYLAND",151,0,0,0,"March 16",31
"PRINCE GEORGES",265,0,0,0,"March 16",31
"QUEEN ANNES",7,0,0,0,"March 16",31
"SOMERSET",3,0,0,0,"March 16",31
"ST MARYS",8,0,0,0,"March 16",31
"TALBOT",9,0,0,0,"March 16",31
"Unknown",18,0,0,0,"March 16",31
"WASHINGTON",46,0,0,0,"March 16",31
"WICOMICO",34,0,0,0,"March 16",31
"WORCESTER",10,0,0,0,"March 16",31
"ALLEGANY",29,0,0,0,"March 23",34.5
"ANNE ARUNDEL",120,0,0,1,"March 23",34.5
"BALTIMORE",325,0,0,0,"March 23",34.5
"BALTIMORE CITY",303,0,0,0,"March 23",34.5
"CALVERT",16,0,0,0,"March 23",34.5
"CAROLINE",17,0,0,0,"March 23",34.5
"CARROLL",37,0,0,0,"March 23",34.5
"CECIL",19,0,0,0,"March 23",34.5
"CHARLES",47,0,0,0,"March 23",34.5
"DORCHESTER",25,0,0,0,"March 23",34.5
"FREDERICK",64,0,0,0,"March 23",34.5
"GARRETT",5,0,0,0,"March 23",34.5
"HARFORD",77,0,0,0,"March 23",34.5
"HOWARD",95,0,0,0,"March 23",34.5
"KENT",10,0,0,0,"March 23",34.5
"MONTGOMERY",197,0,0,0,"March 23",34.5
"NON-MARYLAND",155,0,0,0,"March 23",34.5
"PRINCE GEORGES",247,0,0,0,"March 23",34.5
"QUEEN ANNES",11,0,0,0,"March 23",34.5
"SOMERSET",4,0,0,0,"March 23",34.5
"ST MARYS",15,0,0,0,"March 23",34.5
"TALBOT",39,0,0,0,"March 23",34.5
"Unknown",15,0,0,0,"March 23",34.5
"WASHINGTON",43,0,0,0,"March 23",34.5
"WICOMICO",32,0,0,0,"March 23",34.5
"WORCESTER",24,0,0,0,"March 23",34.5
"ALLEGANY",25,0,0,0,"March 30",44
"ANNE ARUNDEL",402,0,0,0,"March 30",44
"BALTIMORE",590,0,0,0,"March 30",44
"BALTIMORE CITY",477,0,0,0,"March 30",44
"CALVERT",69,0,0,0,"March 30",44
"CAROLINE",16,0,0,0,"March 30",44
"CARROLL",51,0,0,0,"March 30",44
"CECIL",28,0,0,0,"March 30",44
"CHARLES",124,0,0,0,"March 30",44
"DORCHESTER",12,0,0,0,"March 30",44
"FREDERICK",58,0,0,0,"March 30",44
"GARRETT",6,0,0,0,"March 30",44
"HARFORD",196,0,0,0,"March 30",44
"HOWARD",124,0,0,0,"March 30",44
"KENT",1,0,0,0,"March 30",44
"MONTGOMERY",186,1,0,0,"March 30",44
"NON-MARYLAND",197,0,0,0,"March 30",44
"PRINCE GEORGES",249,0,0,0,"March 30",44
"QUEEN ANNES",14,0,0,0,"March 30",44
"SOMERSET",3,0,0,0,"March 30",44
"ST MARYS",25,0,0,0,"March 30",44
"TALBOT",15,0,0,0,"March 30",44
"Unknown",37,0,0,0,"March 30",44
"WASHINGTON",54,0,0,0,"March 30",44
"WICOMICO",25,0,0,0,"March 30",44
"WORCESTER",15,0,0,0,"March 30",44
"ALLEGANY",27,0,0,0,"April 6",31
"ANNE ARUNDEL",240,0,0,0,"April 6",31
"BALTIMORE",490,0,0,0,"April 6",31
"BALTIMORE CITY",419,0,0,0,"April 6",31
"CALVERT",26,0,0,0,"April 6",31
"CAROLINE",13,0,0,0,"April 6",31
"CARROLL",45,0,0,0,"April 6",31
"CECIL",32,0,0,0,"April 6",31
"CHARLES",54,0,0,0,"April 6",31
"DORCHESTER",16,0,0,0,"April 6",31
"FREDERICK",92,0,0,0,"April 6",31
"GARRETT",23,0,0,0,"April 6",31
"HARFORD",119,0,0,0,"April 6",31
"HOWARD",100,0,0,0,"April 6",31
"KENT",2,0,0,0,"April 6",31
"MONTGOMERY",245,0,0,0,"April 6",31
"NON-MARYLAND",214,0,0,1,"April 6",31
"PRINCE GEORGES",249,0,0,0,"April 6",31
"QUEEN ANNES",25,0,0,0,"April 6",31
"SOMERSET",4,0,0,0,"April 6",31
"ST MARYS",12,0,0,0,"April 6",31
"TALBOT",11,0,0,0,"April 6",31
"Unknown",27,0,0,0,"April 6",31
"WASHINGTON",63,0,0,0,"April 6",31
"WICOMICO",30,0,0,0,"April 6",31
"WORCESTER",16,0,0,0,"April 6",31
"ALLEGANY",14,0,0,0,"April 13",24
"ANNE ARUNDEL",201,0,0,0,"April 13",24
"BALTIMORE",475,0,0,0,"April 13",24
"BALTIMORE CITY",354,0,0,0,"April 13",24
"CALVERT",24,0,0,0,"April 13",24
"CAROLINE",8,0,0,0,"April 13",24
"CARROLL",52,0,0,0,"April 13",24
"CECIL",24,0,0,0,"April 13",24
"CHARLES",48,0,0,0,"April 13",24
"DORCHESTER",9,0,0,0,"April 13",24
"FREDERICK",59,0,0,0,"April 13",24
"GARRETT",12,0,0,0,"April 13",24
"HARFORD",123,0,0,0,"April 13",24
"HOWARD",66,0,0,0,"April 13",24
"KENT",4,0,0,0,"April 13",24
"MONTGOMERY",242,0,0,0,"April 13",24
"NON-MARYLAND",171,0,0,0,"April 13",24
"PRINCE GEORGES",264,0,0,0,"April 13",24
"QUEEN ANNES",10,0,0,0,"April 13",24
"SOMERSET",9,0,0,0,"April 13",24
"ST MARYS",13,0,0,0,"April 13",24
"TALBOT",6,0,0,0,"April 13",24
"Unknown",16,0,0,0,"April 13",24
"WASHINGTON",47,0,0,0,"April 13",24
"WICOMICO",23,0,0,0,"April 13",24
"WORCESTER",17,0,0,0,"April 13",24
"ALLEGANY",21,0,0,0,"April 20",30.5
"ANNE ARUNDEL",150,0,0,0,"April 20",30.5
"BALTIMORE",356,0,0,0,"April 20",30.5
"BALTIMORE CITY",305,0,0,0,"April 20",30.5
"CALVERT",19,0,0,0,"April 20",30.5
"CAROLINE",6,0,0,0,"April 20",30.5
"CARROLL",40,0,0,0,"April 20",30.5
"CECIL",23,0,0,0,"April 20",30.5
"CHARLES",40,0,0,0,"April 20",30.5
"DORCHESTER",14,0,0,0,"April 20",30.5
"FREDERICK",81,0,0,0,"April 20",30.5
"GARRETT",8,0,0,0,"April 20",30.5
"HARFORD",80,0,0,0,"April 20",30.5
"HOWARD",83,0,0,0,"April 20",30.5
"KENT",5,0,0,0,"April 20",30.5
"MONTGOMERY",202,0,0,0,"April 20",30.5
"NON-MARYLAND",151,0,0,0,"April 20",30.5
"PRINCE GEORGES",247,0,0,0,"April 20",30.5
"QUEEN ANNES",11,0,0,0,"April 20",30.5
"SOMERSET",8,0,0,0,"April 20",30.5
"ST MARYS",7,0,0,0,"April 20",30.5
"TALBOT",7,0,0,0,"April 20",30.5
"Unknown",15,0,0,0,"April 20",30.5
"WASHINGTON",42,0,0,0,"April 20",30.5
"WICOMICO",38,0,0,0,"April 20",30.5
"WORCESTER",14,0,0,0,"April 20",30.5
"ALLEGANY",23,0,0,0,"April 27",27
"ANNE ARUNDEL",163,0,0,0,"April 27",27
"BALTIMORE",359,0,0,0,"April 27",27
"BALTIMORE CITY",291,0,0,0,"April 27",27
"CALVERT",17,0,0,0,"April 27",27
"CAROLINE",4,0,0,0,"April 27",27
"CARROLL",35,0,0,0,"April 27",27
"CECIL",22,0,0,0,"April 27",27
"CHARLES",41,0,0,0,"April 27",27
"DORCHESTER",7,0,0,0,"April 27",27
"FREDERICK",73,0,0,0,"April 27",27
"GARRETT",11,0,0,0,"April 27",27
"HARFORD",86,0,0,0,"April 27",27
"HOWARD",84,0,0,0,"April 27",27
"KENT",5,0,0,0,"April 27",27
"MONTGOMERY",226,0,0,0,"April 27",27
"NON-MARYLAND",141,0,0,0,"April 27",27
"PRINCE GEORGES",283,0,0,0,"April 27",27
"QUEEN ANNES",7,0,0,0,"April 27",27
"SOMERSET",4,0,0,0,"April 27",27
"ST MARYS",10,0,0,0,"April 27",27
"TALBOT",7,0,0,0,"April 27",27
"Unknown",18,0,0,0,"April 27",27
"WASHINGTON",37,0,0,0,"April 27",27
"WICOMICO",31,0,0,0,"April 27",27
"WORCESTER",9,0,0,0,"April 27",27
"ALLEGANY",11,0,0,0,"May 4",29.5
"ANNE ARUNDEL",174,0,0,0,"May 4",29.5
"BALTIMORE",375,0,0,0,"May 4",29.5
"BALTIMORE CITY",337,0,0,1,"May 4",29.5
"CALVERT",19,0,0,0,"May 4",29.5
"CAROLINE",11,0,0,0,"May 4",29.5
"CARROLL",35,0,0,0,"May 4",29.5
"CECIL",17,0,0,0,"May 4",29.5
"CHARLES",47,0,0,0,"May 4",29.5
"DORCHESTER",27,0,0,0,"May 4",29.5
"FREDERICK",79,0,0,0,"May 4",29.5
"GARRETT",10,0,0,0,"May 4",29.5
"HARFORD",78,0,0,0,"May 4",29.5
"HOWARD",85,0,0,0,"May 4",29.5
"KENT",0,0,0,0,"May 4",29.5
"MONTGOMERY",231,0,0,0,"May 4",29.5
"NON-MARYLAND",155,0,0,0,"May 4",29.5
"PRINCE GEORGES",245,0,0,0,"May 4",29.5
"QUEEN ANNES",15,0,0,0,"May 4",29.5
"SOMERSET",4,0,0,0,"May 4",29.5
"ST MARYS",10,0,0,0,"May 4",29.5
"TALBOT",30,0,0,0,"May 4",29.5
"Unknown",28,0,0,0,"May 4",29.5
"WASHINGTON",33,0,0,0,"May 4",29.5
"WICOMICO",29,0,0,0,"May 4",29.5
"WORCESTER",14,0,0,0,"May 4",29.5
"ALLEGANY",18,0,0,0,"May 11",32
"ANNE ARUNDEL",144,0,0,0,"May 11",32
"BALTIMORE",343,0,0,0,"May 11",32
"BALTIMORE CITY",345,0,0,0,"May 11",32
"CALVERT",24,0,0,0,"May 11",32
"CAROLINE",11,0,0,0,"May 11",32
"CARROLL",31,0,0,0,"May 11",32
"CECIL",33,0,0,0,"May 11",32
"CHARLES",45,0,0,0,"May 11",32
"DORCHESTER",8,0,0,0,"May 11",32
"FREDERICK",76,0,0,0,"May 11",32
"GARRETT",6,0,0,0,"May 11",32
"HARFORD",82,0,0,0,"May 11",32
"HOWARD",61,0,0,0,"May 11",32
"KENT",7,0,0,0,"May 11",32
"MONTGOMERY",243,0,0,0,"May 11",32
"NON-MARYLAND",171,0,0,0,"May 11",32
"PRINCE GEORGES",271,0,0,1,"May 11",32
"QUEEN ANNES",20,0,0,0,"May 11",32
"SOMERSET",6,0,0,0,"May 11",32
"ST MARYS",10,0,0,0,"May 11",32
"TALBOT",19,0,0,0,"May 11",32
"Unknown",21,0,0,0,"May 11",32
"WASHINGTON",60,0,0,0,"May 11",32
"WICOMICO",36,0,0,0,"May 11",32
"WORCESTER",9,0,0,0,"May 11",32
"ALLEGANY",16,0,0,0,"May 18",28
"ANNE ARUNDEL",156,0,0,0,"May 18",28
"BALTIMORE",363,0,0,0,"May 18",28
"BALTIMORE CITY",358,0,0,0,"May 18",28
"CALVERT",21,0,0,0,"May 18",28
"CAROLINE",14,0,0,0,"May 18",28
"CARROLL",40,0,0,0,"May 18",28
"CECIL",24,0,0,0,"May 18",28
"CHARLES",49,0,0,0,"May 18",28
"DORCHESTER",7,0,0,0,"May 18",28
"FREDERICK",65,0,0,0,"May 18",28
"GARRETT",3,0,0,0,"May 18",28
"HARFORD",68,0,0,0,"May 18",28
"HOWARD",82,0,0,0,"May 18",28
"KENT",5,0,0,0,"May 18",28
"MONTGOMERY",224,0,0,0,"May 18",28
"NON-MARYLAND",162,0,0,1,"May 18",28
"PRINCE GEORGES",259,0,0,0,"May 18",28
"QUEEN ANNES",11,0,0,0,"May 18",28
"SOMERSET",4,0,0,0,"May 18",28
"ST MARYS",16,0,0,0,"May 18",28
"TALBOT",12,0,0,0,"May 18",28
"Unknown",32,0,0,0,"May 18",28
"WASHINGTON",53,0,0,0,"May 18",28
"WICOMICO",24,0,0,0,"May 18",28
"WORCESTER",14,0,0,0,"May 18",28
"ALLEGANY",36,0,0,0,"May 25",31
"ANNE ARUNDEL",153,0,0,0,"May 25",31
"BALTIMORE",326,0,0,0,"May 25",31
"BALTIMORE CITY",381,0,0,0,"May 25",31
"CALVERT",21,0,0,0,"May 25",31
"CAROLINE",6,0,0,0,"May 25",31
"CARROLL",43,0,0,0,"May 25",31
"CECIL",22,0,0,0,"May 25",31
"CHARLES",48,0,0,0,"May 25",31
"DORCHESTER",7,0,0,0,"May 25",31
"FREDERICK",76,0,0,0,"May 25",31
"GARRETT",7,0,0,0,"May 25",31
"HARFORD",76,0,0,0,"May 25",31
"HOWARD",85,0,0,0,"May 25",31
"KENT",7,0,0,0,"May 25",31
"MONTGOMERY",226,0,0,0,"May 25",31
"NON-MARYLAND",177,0,0,0,"May 25",31
"PRINCE GEORGES",258,0,0,0,"May 25",31
"QUEEN ANNES",9,0,0,0,"May 25",31
"SOMERSET",10,0,0,0,"May 25",31
"ST MARYS",8,0,0,0,"May 25",31
"TALBOT",7,0,0,0,"May 25",31
"Unknown",22,0,0,0,"May 25",31
"WASHINGTON",46,0,0,0,"May 25",31
"WICOMICO",26,0,0,0,"May 25",31
"WORCESTER",14,0,0,0,"May 25",31
"ALLEGANY",59,0,0,0,"June 1",33.5
"ANNE ARUNDEL",134,0,0,0,"June 1",33.5
"BALTIMORE",326,0,0,0,"June 1",33.5
"BALTIMORE CITY",348,0,0,0,"June 1",33.5
"CALVERT",19,0,0,0,"June 1",33.5
"CAROLINE",7,0,0,0,"June 1",33.5
"CARROLL",49,0,0,0,"June 1",33.5
"CECIL",31,0,0,0,"June 1",33.5
"CHARLES",36,0,0,0,"June 1",33.5
"DORCHESTER",14,0,0,0,"June 1",33.5
"FREDERICK",47,0,0,0,"June 1",33.5
"GARRETT",10,0,0,0,"June 1",33.5
"HARFORD",70,0,0,0,"June 1",33.5
"HOWARD",91,0,0,0,"June 1",33.5
"KENT",6,0,0,0,"June 1",33.5
"MONTGOMERY",222,0,0,0,"June 1",33.5
"NON-MARYLAND",149,0,0,0,"June 1",33.5
"PRINCE GEORGES",284,1,0,0,"June 1",33.5
"QUEEN ANNES",6,0,0,0,"June 1",33.5
"SOMERSET",13,0,0,0,"June 1",33.5
"ST MARYS",3,0,0,0,"June 1",33.5
"TALBOT",12,0,0,0,"June 1",33.5
"Unknown",18,0,0,0,"June 1",33.5
"WASHINGTON",38,0,0,0,"June 1",33.5
"WICOMICO",26,0,0,0,"June 1",33.5
"WORCESTER",10,0,0,0,"June 1",33.5
"ALLEGANY",55,0,0,0,"June 8",45.5
"ANNE ARUNDEL",198,0,0,0,"June 8",45.5
"BALTIMORE",376,0,0,0,"June 8",45.5
"BALTIMORE CITY",350,0,0,0,"June 8",45.5
"CALVERT",25,0,0,0,"June 8",45.5
"CAROLINE",3,0,0,0,"June 8",45.5
"CARROLL",50,0,0,0,"June 8",45.5
"CECIL",26,0,0,0,"June 8",45.5
"CHARLES",65,0,0,0,"June 8",45.5
"DORCHESTER",11,0,0,0,"June 8",45.5
"FREDERICK",65,0,0,0,"June 8",45.5
"GARRETT",16,0,0,0,"June 8",45.5
"HARFORD",111,0,0,0,"June 8",45.5
"HOWARD",83,0,0,0,"June 8",45.5
"KENT",14,0,0,0,"June 8",45.5
"MONTGOMERY",269,0,0,0,"June 8",45.5
"NON-MARYLAND",201,0,0,0,"June 8",45.5
"PRINCE GEORGES",275,0,0,0,"June 8",45.5
"QUEEN ANNES",15,0,0,0,"June 8",45.5
"SOMERSET",10,0,0,0,"June 8",45.5
"ST MARYS",38,0,0,0,"June 8",45.5
"TALBOT",16,0,0,0,"June 8",45.5
"Unknown",12,0,0,0,"June 8",45.5
"WASHINGTON",79,0,0,0,"June 8",45.5
"WICOMICO",41,0,0,0,"June 8",45.5
"WORCESTER",10,0,0,0,"June 8",45.5
"ALLEGANY",23,0,0,0,"June 15",70
"ANNE ARUNDEL",364,0,0,0,"June 15",70
"BALTIMORE",395,0,0,0,"June 15",70
"BALTIMORE CITY",474,0,0,0,"June 15",70
"CALVERT",31,0,0,0,"June 15",70
"CAROLINE",14,0,0,0,"June 15",70
"CARROLL",102,0,0,0,"June 15",70
"CECIL",43,0,0,0,"June 15",70
"CHARLES",169,0,0,0,"June 15",70
"DORCHESTER",21,0,0,0,"June 15",70
"FREDERICK",81,0,0,0,"June 15",70
"GARRETT",15,0,0,0,"June 15",70
"HARFORD",251,0,0,0,"June 15",70
"HOWARD",99,0,0,0,"June 15",70
"KENT",4,0,0,0,"June 15",70
"MONTGOMERY",228,0,0,0,"June 15",70
"NON-MARYLAND",189,0,0,0,"June 15",70
"PRINCE GEORGES",295,0,0,0,"June 15",70
"QUEEN ANNES",36,0,0,0,"June 15",70
"SOMERSET",13,0,0,0,"June 15",70
"ST MARYS",72,0,0,0,"June 15",70
"TALBOT",19,0,0,0,"June 15",70
"Unknown",96,0,0,0,"June 15",70
"WASHINGTON",68,0,0,0,"June 15",70
"WICOMICO",47,0,0,0,"June 15",70
"WORCESTER",14,0,0,0,"June 15",70
"ALLEGANY",24,0,0,0,"June 22",73.5
"ANNE ARUNDEL",333,0,0,0,"June 22",73.5
"BALTIMORE",508,1,0,0,"June 22",73.5
"BALTIMORE CITY",498,0,0,0,"June 22",73.5
"CALVERT",91,0,0,0,"June 22",73.5
"CAROLINE",9,0,0,0,"June 22",73.5
"CARROLL",100,0,0,0,"June 22",73.5
"CECIL",119,0,0,0,"June 22",73.5
"CHARLES",109,0,0,0,"June 22",73.5
"DORCHESTER",16,0,0,0,"June 22",73.5
"FREDERICK",84,0,0,0,"June 22",73.5
"GARRETT",8,0,0,0,"June 22",73.5
"HARFORD",179,0,0,0,"June 22",73.5
"HOWARD",158,0,0,0,"June 22",73.5
"KENT",3,0,0,0,"June 22",73.5
"MONTGOMERY",253,0,0,0,"June 22",73.5
"NON-MARYLAND",152,0,0,0,"June 22",73.5
"PRINCE GEORGES",281,0,0,0,"June 22",73.5
"QUEEN ANNES",10,0,0,0,"June 22",73.5
"SOMERSET",8,0,0,0,"June 22",73.5
"ST MARYS",21,0,0,0,"June 22",73.5
"TALBOT",12,0,0,0,"June 22",73.5
"Unknown",51,0,0,0,"June 22",73.5
"WASHINGTON",63,0,0,0,"June 22",73.5
"WICOMICO",46,0,0,0,"June 22",73.5
"WORCESTER",11,0,0,0,"June 22",73.5
"ALLEGANY",23,0,0,0,"June 29",47.5
"ANNE ARUNDEL",208,0,0,0,"June 29",47.5
"BALTIMORE",395,0,0,0,"June 29",47.5
"BALTIMORE CITY",410,0,0,0,"June 29",47.5
"CALVERT",31,0,0,0,"June 29",47.5
"CAROLINE",14,0,0,0,"June 29",47.5
"CARROLL",54,0,0,0,"June 29",47.5
"CECIL",54,0,0,0,"June 29",47.5
"CHARLES",60,0,0,0,"June 29",47.5
"DORCHESTER",16,0,0,0,"June 29",47.5
"FREDERICK",71,0,0,0,"June 29",47.5
"GARRETT",3,0,0,0,"June 29",47.5
"HARFORD",82,0,0,0,"June 29",47.5
"HOWARD",122,0,0,0,"June 29",47.5
"KENT",6,0,0,0,"June 29",47.5
"MONTGOMERY",237,0,0,0,"June 29",47.5
"NON-MARYLAND",194,0,0,1,"June 29",47.5
"PRINCE GEORGES",299,0,0,0,"June 29",47.5
"QUEEN ANNES",15,0,0,0,"June 29",47.5
"SOMERSET",8,0,0,0,"June 29",47.5
"ST MARYS",15,0,0,0,"June 29",47.5
"TALBOT",19,0,0,0,"June 29",47.5
"Unknown",29,0,0,0,"June 29",47.5
"WASHINGTON",52,0,0,0,"June 29",47.5
"WICOMICO",43,0,0,0,"June 29",47.5
"WORCESTER",10,0,0,0,"June 29",47.5
"ALLEGANY",23,0,0,0,"July 6",32.5
"ANNE ARUNDEL",157,0,0,0,"July 6",32.5
"BALTIMORE",331,0,0,0,"July 6",32.5
"BALTIMORE CITY",312,0,0,0,"July 6",32.5
"CALVERT",15,0,0,0,"July 6",32.5
"CAROLINE",10,0,0,0,"July 6",32.5
"CARROLL",38,0,0,0,"July 6",32.5
"CECIL",34,0,0,0,"July 6",32.5
"CHARLES",53,0,0,0,"July 6",32.5
"DORCHESTER",15,0,0,0,"July 6",32.5
"FREDERICK",77,0,0,0,"July 6",32.5
"GARRETT",13,0,0,0,"July 6",32.5
"HARFORD",61,0,0,0,"July 6",32.5
"HOWARD",104,0,0,0,"July 6",32.5
"KENT",4,0,0,0,"July 6",32.5
"MONTGOMERY",219,0,0,0,"July 6",32.5
"NON-MARYLAND",197,0,0,0,"July 6",32.5
"PRINCE GEORGES",246,0,0,0,"July 6",32.5
"QUEEN ANNES",15,0,0,0,"July 6",32.5
"SOMERSET",5,0,0,0,"July 6",32.5
"ST MARYS",15,0,0,0,"July 6",32.5
"TALBOT",12,0,0,0,"July 6",32.5
"Unknown",19,0,0,0,"July 6",32.5
"WASHINGTON",51,0,0,0,"July 6",32.5
"WICOMICO",31,0,0,0,"July 6",32.5
"WORCESTER",12,0,0,0,"July 6",32.5
"ALLEGANY",13,0,0,0,"July 13",28.5
"ANNE ARUNDEL",213,0,0,0,"July 13",28.5
"BALTIMORE",349,0,0,0,"July 13",28.5
"BALTIMORE CITY",377,0,0,0,"July 13",28.5
"CALVERT",22,0,0,0,"July 13",28.5
"CAROLINE",13,0,0,0,"July 13",28.5
"CARROLL",29,0,0,0,"July 13",28.5
"CECIL",28,0,0,0,"July 13",28.5
"CHARLES",41,0,0,0,"July 13",28.5
"DORCHESTER",19,0,0,0,"July 13",28.5
"FREDERICK",78,0,0,0,"July 13",28.5
"GARRETT",8,0,0,0,"July 13",28.5
"HARFORD",85,0,0,0,"July 13",28.5
"HOWARD",96,0,0,0,"July 13",28.5
"KENT",4,0,0,0,"July 13",28.5
"MONTGOMERY",248,0,0,0,"July 13",28.5
"NON-MARYLAND",186,0,0,0,"July 13",28.5
"PRINCE GEORGES",268,0,0,0,"July 13",28.5
"QUEEN ANNES",9,0,0,0,"July 13",28.5
"SOMERSET",7,0,0,0,"July 13",28.5
"ST MARYS",17,0,0,0,"July 13",28.5
"TALBOT",15,0,0,0,"July 13",28.5
"Unknown",16,0,0,0,"July 13",28.5
"WASHINGTON",37,0,0,0,"July 13",28.5
"WICOMICO",32,0,0,0,"July 13",28.5
"WORCESTER",15,0,0,0,"July 13",28.5
"ALLEGANY",29,0,0,0,"July 20",34
"ANNE ARUNDEL",164,0,0,0,"July 20",34
"BALTIMORE",373,0,0,0,"July 20",34
"BALTIMORE CITY",340,0,0,0,"July 20",34
"CALVERT",25,0,0,0,"July 20",34
"CAROLINE",10,0,0,0,"July 20",34
"CARROLL",39,0,0,0,"July 20",34
"CECIL",25,0,0,0,"July 20",34
"CHARLES",50,0,0,0,"July 20",34
"DORCHESTER",12,0,0,0,"July 20",34
"FREDERICK",72,0,0,0,"July 20",34
"GARRETT",4,0,0,0,"July 20",34
"HARFORD",101,0,0,0,"July 20",34
"HOWARD",84,0,0,0,"July 20",34
"KENT",5,0,0,0,"July 20",34
"MONTGOMERY",227,0,0,0,"July 20",34
"NON-MARYLAND",186,0,0,0,"July 20",34
"PRINCE GEORGES",284,0,0,0,"July 20",34
"QUEEN ANNES",11,0,0,0,"July 20",34
"SOMERSET",10,0,0,0,"July 20",34
"ST MARYS",17,0,0,0,"July 20",34
"TALBOT",15,0,0,0,"July 20",34
"Unknown",23,0,0,0,"July 20",34
"WASHINGTON",41,0,0,0,"July 20",34
"WICOMICO",49,0,0,0,"July 20",34
"WORCESTER",15,0,0,0,"July 20",34
"ALLEGANY",41,0,0,0,"July 27",37.5
"ANNE ARUNDEL",164,0,0,0,"July 27",37.5
"BALTIMORE",360,0,0,0,"July 27",37.5
"BALTIMORE CITY",312,0,0,0,"July 27",37.5
"CALVERT",31,0,0,0,"July 27",37.5
"CAROLINE",14,0,0,0,"July 27",37.5
"CARROLL",50,0,0,0,"July 27",37.5
"CECIL",33,0,0,0,"July 27",37.5
"CHARLES",56,0,0,0,"July 27",37.5
"DORCHESTER",17,0,0,0,"July 27",37.5
"FREDERICK",64,0,0,0,"July 27",37.5
"GARRETT",8,0,0,0,"July 27",37.5
"HARFORD",81,0,0,0,"July 27",37.5
"HOWARD",77,0,0,0,"July 27",37.5
"KENT",4,0,0,0,"July 27",37.5
"MONTGOMERY",191,0,0,0,"July 27",37.5
"NON-MARYLAND",245,0,0,0,"July 27",37.5
"PRINCE GEORGES",274,0,0,0,"July 27",37.5
"QUEEN ANNES",6,0,0,0,"July 27",37.5
"SOMERSET",10,0,0,0,"July 27",37.5
"ST MARYS",11,0,0,0,"July 27",37.5
"TALBOT",16,0,0,0,"July 27",37.5
"Unknown",18,0,0,0,"July 27",37.5
"WASHINGTON",89,0,0,0,"July 27",37.5
"WICOMICO",34,0,0,0,"July 27",37.5
"WORCESTER",9,0,0,0,"July 27",37.5
"ALLEGANY",50,0,0,0,"Aug 3",43
"ANNE ARUNDEL",188,0,0,0,"Aug 3",43
"BALTIMORE",395,0,0,0,"Aug 3",43
"BALTIMORE CITY",373,0,0,0,"Aug 3",43
"CALVERT",31,0,0,0,"Aug 3",43
"CAROLINE",9,0,0,0,"Aug 3",43
"CARROLL",46,0,0,0,"Aug 3",43
"CECIL",21,0,0,0,"Aug 3",43
"CHARLES",72,0,0,0,"Aug 3",43
"DORCHESTER",12,0,0,0,"Aug 3",43
"FREDERICK",84,0,0,0,"Aug 3",43
"GARRETT",4,0,0,0,"Aug 3",43
"HARFORD",91,0,0,0,"Aug 3",43
"HOWARD",89,0,0,0,"Aug 3",43
"KENT",2,0,0,0,"Aug 3",43
"MONTGOMERY",224,0,0,0,"Aug 3",43
"NON-MARYLAND",188,0,0,0,"Aug 3",43
"PRINCE GEORGES",309,0,0,0,"Aug 3",43
"QUEEN ANNES",10,0,0,0,"Aug 3",43
"SOMERSET",6,0,0,0,"Aug 3",43
"ST MARYS",11,0,0,0,"Aug 3",43
"TALBOT",12,0,0,0,"Aug 3",43
"Unknown",19,0,0,0,"Aug 3",43
"WASHINGTON",88,0,0,0,"Aug 3",43
"WICOMICO",40,0,0,0,"Aug 3",43
"WORCESTER",8,0,0,0,"Aug 3",43
"ALLEGANY",24,0,0,0,"Aug 10",30.5
"ANNE ARUNDEL",210,0,0,0,"Aug 10",30.5
"BALTIMORE",329,0,0,0,"Aug 10",30.5
"BALTIMORE CITY",337,0,0,0,"Aug 10",30.5
"CALVERT",31,0,0,0,"Aug 10",30.5
"CAROLINE",10,0,0,0,"Aug 10",30.5
"CARROLL",43,0,0,0,"Aug 10",30.5
"CECIL",30,0,0,0,"Aug 10",30.5
"CHARLES",71,0,0,0,"Aug 10",30.5
"DORCHESTER",15,0,0,0,"Aug 10",30.5
"FREDERICK",69,0,0,0,"Aug 10",30.5
"GARRETT",6,0,0,0,"Aug 10",30.5
"HARFORD",80,0,0,0,"Aug 10",30.5
"HOWARD",84,0,0,0,"Aug 10",30.5
"KENT",3,0,0,0,"Aug 10",30.5
"MONTGOMERY",237,0,0,1,"Aug 10",30.5
"NON-MARYLAND",269,0,0,0,"Aug 10",30.5
"PRINCE GEORGES",282,0,0,0,"Aug 10",30.5
"QUEEN ANNES",14,0,0,0,"Aug 10",30.5
"SOMERSET",7,0,0,0,"Aug 10",30.5
"ST MARYS",17,0,0,0,"Aug 10",30.5
"TALBOT",14,0,0,0,"Aug 10",30.5
"Unknown",11,0,0,0,"Aug 10",30.5
"WASHINGTON",105,0,0,0,"Aug 10",30.5
"WICOMICO",22,0,0,0,"Aug 10",30.5
"WORCESTER",13,0,0,0,"Aug 10",30.5
"ALLEGANY",16,0,0,0,"Aug 17",25
"ANNE ARUNDEL",165,0,0,0,"Aug 17",25
"BALTIMORE",334,0,0,0,"Aug 17",25
"BALTIMORE CITY",282,0,0,0,"Aug 17",25
"CALVERT",25,0,0,0,"Aug 17",25
"CAROLINE",8,0,0,0,"Aug 17",25
"CARROLL",25,0,0,0,"Aug 17",25
"CECIL",21,0,0,0,"Aug 17",25
"CHARLES",67,0,0,0,"Aug 17",25
"DORCHESTER",10,0,0,0,"Aug 17",25
"FREDERICK",68,0,0,0,"Aug 17",25
"GARRETT",9,0,0,0,"Aug 17",25
"HARFORD",70,0,0,0,"Aug 17",25
"HOWARD",69,0,0,0,"Aug 17",25
"KENT",6,0,0,0,"Aug 17",25
"MONTGOMERY",195,0,0,0,"Aug 17",25
"NON-MARYLAND",168,0,0,0,"Aug 17",25
"PRINCE GEORGES",270,0,0,0,"Aug 17",25
"QUEEN ANNES",6,0,0,0,"Aug 17",25
"SOMERSET",5,0,0,0,"Aug 17",25
"ST MARYS",12,0,0,0,"Aug 17",25
"TALBOT",9,0,0,0,"Aug 17",25
"Unknown",24,0,0,0,"Aug 17",25
"WASHINGTON",58,0,0,0,"Aug 17",25
"WICOMICO",33,0,0,0,"Aug 17",25
"WORCESTER",15,0,0,0,"Aug 17",25
"ALLEGANY",15,0,0,0,"Aug 24",24
"ANNE ARUNDEL",151,0,0,0,"Aug 24",24
"BALTIMORE",294,0,0,0,"Aug 24",24
"BALTIMORE CITY",268,0,0,0,"Aug 24",24
"CALVERT",17,0,0,0,"Aug 24",24
"CAROLINE",10,0,0,0,"Aug 24",24
"CARROLL",36,0,0,0,"Aug 24",24
"CECIL",26,0,0,0,"Aug 24",24
"CHARLES",53,0,0,0,"Aug 24",24
"DORCHESTER",11,0,0,0,"Aug 24",24
"FREDERICK",65,0,0,0,"Aug 24",24
"GARRETT",4,0,0,0,"Aug 24",24
"HARFORD",70,0,0,0,"Aug 24",24
"HOWARD",62,0,0,0,"Aug 24",24
"KENT",4,0,0,0,"Aug 24",24
"MONTGOMERY",204,0,0,0,"Aug 24",24
"NON-MARYLAND",229,0,0,0,"Aug 24",24
"PRINCE GEORGES",290,0,0,0,"Aug 24",24
"QUEEN ANNES",10,0,0,0,"Aug 24",24
"SOMERSET",5,0,0,0,"Aug 24",24
"ST MARYS",6,0,0,0,"Aug 24",24
"TALBOT",13,0,0,0,"Aug 24",24
"Unknown",16,0,0,0,"Aug 24",24
"WASHINGTON",90,0,0,0,"Aug 24",24
"WICOMICO",22,0,0,0,"Aug 24",24
"WORCESTER",11,0,0,0,"Aug 24",24
"ALLEGANY",21,0,0,0,"Aug 31",26
"ANNE ARUNDEL",118,0,0,0,"Aug 31",26
"BALTIMORE",303,0,0,0,"Aug 31",26
"BALTIMORE CITY",253,0,0,0,"Aug 31",26
"CALVERT",12,0,0,0,"Aug 31",26
"CAROLINE",9,0,0,0,"Aug 31",26
"CARROLL",32,0,0,0,"Aug 31",26
"CECIL",19,0,0,0,"Aug 31",26
"CHARLES",44,0,0,0,"Aug 31",26
"DORCHESTER",9,0,0,0,"Aug 31",26
"FREDERICK",68,0,0,0,"Aug 31",26
"GARRETT",7,0,0,0,"Aug 31",26
"HARFORD",69,0,0,0,"Aug 31",26
"HOWARD",56,0,0,0,"Aug 31",26
"KENT",5,0,0,0,"Aug 31",26
"MONTGOMERY",203,0,0,0,"Aug 31",26
"NON-MARYLAND",190,0,0,0,"Aug 31",26
"PRINCE GEORGES",254,0,0,0,"Aug 31",26
"QUEEN ANNES",12,0,0,0,"Aug 31",26
"SOMERSET",9,0,0,0,"Aug 31",26
"ST MARYS",5,0,0,0,"Aug 31",26
"TALBOT",7,0,0,0,"Aug 31",26
"Unknown",19,0,0,0,"Aug 31",26
"WASHINGTON",51,0,0,0,"Aug 31",26
"WICOMICO",31,0,0,0,"Aug 31",26
"WORCESTER",18,0,0,0,"Aug 31",26
"ALLEGANY",27,0,0,0,"Sept 7",28
"ANNE ARUNDEL",111,0,0,0,"Sept 7",28
"BALTIMORE",319,0,0,0,"Sept 7",28
"BALTIMORE CITY",229,0,0,0,"Sept 7",28
"CALVERT",23,0,0,0,"Sept 7",28
"CAROLINE",10,0,0,0,"Sept 7",28
"CARROLL",23,0,0,0,"Sept 7",28
"CECIL",30,0,0,0,"Sept 7",28
"CHARLES",39,0,0,0,"Sept 7",28
"DORCHESTER",12,0,0,0,"Sept 7",28
"FREDERICK",66,0,0,0,"Sept 7",28
"GARRETT",10,0,0,0,"Sept 7",28
"HARFORD",77,0,0,0,"Sept 7",28
"HOWARD",79,0,0,0,"Sept 7",28
"KENT",1,0,0,0,"Sept 7",28
"MONTGOMERY",219,0,0,0,"Sept 7",28
"NON-MARYLAND",197,0,0,0,"Sept 7",28
"PRINCE GEORGES",235,0,0,0,"Sept 7",28
"QUEEN ANNES",12,0,0,0,"Sept 7",28
"SOMERSET",5,0,0,0,"Sept 7",28
"ST MARYS",13,0,0,0,"Sept 7",28
"TALBOT",20,0,0,0,"Sept 7",28
"Unknown",13,0,0,0,"Sept 7",28
"WASHINGTON",66,0,0,0,"Sept 7",28
"WICOMICO",29,0,0,0,"Sept 7",28
"WORCESTER",17,0,0,0,"Sept 7",28
"ALLEGANY",15,0,0,0,"Sept 14",37
"ANNE ARUNDEL",131,0,0,0,"Sept 14",37
"BALTIMORE",316,0,0,0,"Sept 14",37
"BALTIMORE CITY",279,0,0,0,"Sept 14",37
"CALVERT",23,0,0,0,"Sept 14",37
"CAROLINE",10,0,0,0,"Sept 14",37
"CARROLL",37,0,0,0,"Sept 14",37
"CECIL",38,0,0,0,"Sept 14",37
"CHARLES",58,0,0,0,"Sept 14",37
"DORCHESTER",9,0,0,0,"Sept 14",37
"FREDERICK",66,0,0,0,"Sept 14",37
"GARRETT",7,0,0,0,"Sept 14",37
"HARFORD",81,0,0,0,"Sept 14",37
"HOWARD",83,0,0,0,"Sept 14",37
"KENT",5,0,0,0,"Sept 14",37
"MONTGOMERY",222,0,0,0,"Sept 14",37
"NON-MARYLAND",177,0,0,0,"Sept 14",37
"PRINCE GEORGES",243,0,0,0,"Sept 14",37
"QUEEN ANNES",10,0,0,0,"Sept 14",37
"SOMERSET",10,0,0,0,"Sept 14",37
"ST MARYS",15,0,0,0,"Sept 14",37
"TALBOT",6,0,0,0,"Sept 14",37
"Unknown",7,0,0,0,"Sept 14",37
"WASHINGTON",67,0,0,0,"Sept 14",37
"WICOMICO",37,0,0,0,"Sept 14",37
"WORCESTER",24,0,0,0,"Sept 14",37
"ALLEGANY",23,0,0,0,"Sept 21",22.5
"ANNE ARUNDEL",142,0,0,0,"Sept 21",22.5
"BALTIMORE",274,0,0,0,"Sept 21",22.5
"BALTIMORE CITY",277,0,0,0,"Sept 21",22.5
"CALVERT",19,0,0,0,"Sept 21",22.5
"CAROLINE",6,0,0,0,"Sept 21",22.5
"CARROLL",22,0,0,0,"Sept 21",22.5
"CECIL",15,0,0,0,"Sept 21",22.5
"CHARLES",53,0,0,0,"Sept 21",22.5
"DORCHESTER",19,0,0,0,"Sept 21",22.5
"FREDERICK",63,0,0,0,"Sept 21",22.5
"GARRETT",8,0,0,0,"Sept 21",22.5
"HARFORD",59,0,0,0,"Sept 21",22.5
"HOWARD",72,0,0,0,"Sept 21",22.5
"KENT",3,0,0,0,"Sept 21",22.5
"MONTGOMERY",243,0,0,0,"Sept 21",22.5
"NON-MARYLAND",150,0,0,0,"Sept 21",22.5
"PRINCE GEORGES",257,0,0,0,"Sept 21",22.5
"QUEEN ANNES",14,0,0,0,"Sept 21",22.5
"SOMERSET",9,0,0,0,"Sept 21",22.5
"ST MARYS",13,0,0,0,"Sept 21",22.5
"TALBOT",5,0,0,0,"Sept 21",22.5
"Unknown",22,0,0,0,"Sept 21",22.5
"WASHINGTON",41,0,0,0,"Sept 21",22.5
"WICOMICO",36,0,0,0,"Sept 21",22.5
"WORCESTER",12,0,0,0,"Sept 21",22.5
"ALLEGANY",40,0,0,0,"Sept 28",32
"ANNE ARUNDEL",160,0,0,0,"Sept 28",32
"BALTIMORE",275,0,0,0,"Sept 28",32
"BALTIMORE CITY",265,0,0,0,"Sept 28",32
"CALVERT",24,0,0,0,"Sept 28",32
"CAROLINE",11,0,0,0,"Sept 28",32
"CARROLL",31,0,0,0,"Sept 28",32
"CECIL",28,0,0,0,"Sept 28",32
"CHARLES",40,0,0,0,"Sept 28",32
"DORCHESTER",11,0,0,0,"Sept 28",32
"FREDERICK",56,0,0,0,"Sept 28",32
"GARRETT",8,0,0,0,"Sept 28",32
"HARFORD",75,0,0,0,"Sept 28",32
"HOWARD",55,0,0,0,"Sept 28",32
"KENT",2,0,0,0,"Sept 28",32
"MONTGOMERY",187,0,0,0,"Sept 28",32
"NON-MARYLAND",138,0,0,0,"Sept 28",32
"PRINCE GEORGES",231,0,0,0,"Sept 28",32
"QUEEN ANNES",10,0,0,0,"Sept 28",32
"SOMERSET",8,0,0,0,"Sept 28",32
"ST MARYS",5,0,0,0,"Sept 28",32
"TALBOT",13,0,0,0,"Sept 28",32
"Unknown",22,0,0,0,"Sept 28",32
"WASHINGTON",58,0,0,0,"Sept 28",32
"WICOMICO",33,0,0,0,"Sept 28",32
"WORCESTER",23,0,0,0,"Sept 28",32
"ALLEGANY",24,0,0,0,"Oct 5",40.5
"ANNE ARUNDEL",145,0,0,0,"Oct 5",40.5
"BALTIMORE",337,0,0,0,"Oct 5",40.5
"BALTIMORE CITY",306,0,0,0,"Oct 5",40.5
"CALVERT",23,0,0,0,"Oct 5",40.5
"CAROLINE",5,0,0,0,"Oct 5",40.5
"CARROLL",46,0,0,0,"Oct 5",40.5
"CECIL",23,0,0,0,"Oct 5",40.5
"CHARLES",49,0,0,0,"Oct 5",40.5
"DORCHESTER",9,0,0,0,"Oct 5",40.5
"FREDERICK",71,0,0,0,"Oct 5",40.5
"GARRETT",5,0,0,0,"Oct 5",40.5
"HARFORD",106,0,0,0,"Oct 5",40.5
"HOWARD",72,0,0,0,"Oct 5",40.5
"KENT",4,0,0,0,"Oct 5",40.5
"MONTGOMERY",231,0,0,0,"Oct 5",40.5
"NON-MARYLAND",189,0,0,0,"Oct 5",40.5
"PRINCE GEORGES",275,0,0,0,"Oct 5",40.5
"QUEEN ANNES",10,0,0,0,"Oct 5",40.5
"SOMERSET",5,0,0,0,"Oct 5",40.5
"ST MARYS",5,0,0,0,"Oct 5",40.5
"TALBOT",9,0,0,0,"Oct 5",40.5
"Unknown",21,0,0,0,"Oct 5",40.5
"WASHINGTON",61,0,0,0,"Oct 5",40.5
"WICOMICO",50,0,0,0,"Oct 5",40.5
"WORCESTER",35,0,0,0,"Oct 5",40.5
"ALLEGANY",25,0,0,0,"Oct 12",38.5
"ANNE ARUNDEL",155,0,0,0,"Oct 12",38.5
"BALTIMORE",297,0,0,0,"Oct 12",38.5
"BALTIMORE CITY",280,0,0,0,"Oct 12",38.5
"CALVERT",14,0,0,0,"Oct 12",38.5
"CAROLINE",8,0,0,0,"Oct 12",38.5
"CARROLL",34,0,0,0,"Oct 12",38.5
"CECIL",28,0,0,0,"Oct 12",38.5
"CHARLES",43,0,0,0,"Oct 12",38.5
"DORCHESTER",10,0,0,0,"Oct 12",38.5
"FREDERICK",53,0,0,0,"Oct 12",38.5
"GARRETT",16,0,0,0,"Oct 12",38.5
"HARFORD",82,0,0,0,"Oct 12",38.5
"HOWARD",81,0,0,0,"Oct 12",38.5
"KENT",3,0,0,0,"Oct 12",38.5
"MONTGOMERY",220,0,0,0,"Oct 12",38.5
"NON-MARYLAND",173,0,0,0,"Oct 12",38.5
"PRINCE GEORGES",266,0,0,0,"Oct 12",38.5
"QUEEN ANNES",11,0,0,0,"Oct 12",38.5
"SOMERSET",10,0,0,0,"Oct 12",38.5
"ST MARYS",15,0,0,0,"Oct 12",38.5
"TALBOT",14,0,0,0,"Oct 12",38.5
"Unknown",14,0,0,0,"Oct 12",38.5
"WASHINGTON",43,0,0,0,"Oct 12",38.5
"WICOMICO",56,0,0,0,"Oct 12",38.5
"WORCESTER",49,0,0,0,"Oct 12",38.5
"ALLEGANY",17,0,0,0,"Oct 19",37
"ANNE ARUNDEL",163,0,0,0,"Oct 19",37
"BALTIMORE",267,0,0,0,"Oct 19",37
"BALTIMORE CITY",242,0,0,0,"Oct 19",37
"CALVERT",16,0,0,0,"Oct 19",37
"CAROLINE",8,0,0,0,"Oct 19",37
"CARROLL",37,0,0,0,"Oct 19",37
"CECIL",21,0,0,0,"Oct 19",37
"CHARLES",37,0,0,0,"Oct 19",37
"DORCHESTER",13,0,0,0,"Oct 19",37
"FREDERICK",76,0,0,0,"Oct 19",37
"GARRETT",5,0,0,0,"Oct 19",37
"HARFORD",79,0,0,0,"Oct 19",37
"HOWARD",69,0,0,0,"Oct 19",37
"KENT",5,0,0,0,"Oct 19",37
"MONTGOMERY",220,0,0,0,"Oct 19",37
"NON-MARYLAND",179,0,0,0,"Oct 19",37
"PRINCE GEORGES",238,0,0,0,"Oct 19",37
"QUEEN ANNES",16,0,0,0,"Oct 19",37
"SOMERSET",7,0,0,0,"Oct 19",37
"ST MARYS",8,0,0,0,"Oct 19",37
"TALBOT",12,0,0,0,"Oct 19",37
"Unknown",15,0,0,0,"Oct 19",37
"WASHINGTON",54,0,0,0,"Oct 19",37
"WICOMICO",42,0,0,0,"Oct 19",37
"WORCESTER",62,0,0,0,"Oct 19",37
"ALLEGANY",27,0,0,0,"Oct 26",40
"ANNE ARUNDEL",151,0,0,0,"Oct 26",40
"BALTIMORE",320,0,0,0,"Oct 26",40
"BALTIMORE CITY",299,0,0,0,"Oct 26",40
"CALVERT",18,0,0,0,"Oct 26",40
"CAROLINE",14,0,0,0,"Oct 26",40
"CARROLL",33,0,0,0,"Oct 26",40
"CECIL",22,0,0,0,"Oct 26",40
"CHARLES",52,0,0,0,"Oct 26",40
"DORCHESTER",12,0,0,0,"Oct 26",40
"FREDERICK",69,0,0,0,"Oct 26",40
"GARRETT",8,0,0,0,"Oct 26",40
"HARFORD",77,0,0,0,"Oct 26",40
"HOWARD",76,0,0,0,"Oct 26",40
"KENT",7,0,0,0,"Oct 26",40
"MONTGOMERY",204,0,0,0,"Oct 26",40
"NON-MARYLAND",173,0,0,0,"Oct 26",40
"PRINCE GEORGES",261,0,0,0,"Oct 26",40
"QUEEN ANNES",12,0,0,0,"Oct 26",40
"SOMERSET",8,0,0,0,"Oct 26",40
"ST MARYS",11,0,0,0,"Oct 26",40
"TALBOT",13,0,0,0,"Oct 26",40
"Unknown",14,0,0,0,"Oct 26",40
"WASHINGTON",47,0,0,0,"Oct 26",40
"WICOMICO",48,0,0,0,"Oct 26",40
"WORCESTER",59,0,0,0,"Oct 26",40
"ALLEGANY",19,0,0,0,"Nov 2",38.5
"ANNE ARUNDEL",159,0,0,0,"Nov 2",38.5
"BALTIMORE",319,0,0,0,"Nov 2",38.5
"BALTIMORE CITY",292,0,0,0,"Nov 2",38.5
"CALVERT",20,0,0,0,"Nov 2",38.5
"CAROLINE",10,0,0,0,"Nov 2",38.5
"CARROLL",33,0,0,0,"Nov 2",38.5
"CECIL",20,0,0,0,"Nov 2",38.5
"CHARLES",47,0,0,0,"Nov 2",38.5
"DORCHESTER",14,0,0,0,"Nov 2",38.5
"FREDERICK",75,0,0,0,"Nov 2",38.5
"GARRETT",3,0,0,0,"Nov 2",38.5
"HARFORD",80,0,0,0,"Nov 2",38.5
"HOWARD",78,0,0,0,"Nov 2",38.5
"KENT",10,0,0,0,"Nov 2",38.5
"MONTGOMERY",194,0,0,0,"Nov 2",38.5
"NON-MARYLAND",187,0,0,0,"Nov 2",38.5
"PRINCE GEORGES",247,0,0,0,"Nov 2",38.5
"QUEEN ANNES",13,0,0,0,"Nov 2",38.5
"SOMERSET",17,0,0,0,"Nov 2",38.5
"ST MARYS",17,0,0,0,"Nov 2",38.5
"TALBOT",13,0,0,0,"Nov 2",38.5
"Unknown",14,0,0,0,"Nov 2",38.5
"WASHINGTON",44,0,0,0,"Nov 2",38.5
"WICOMICO",99,0,0,0,"Nov 2",38.5
"WORCESTER",112,0,0,0,"Nov 2",38.5
"ALLEGANY",26,0,0,0,"Nov 9",44.5
"ANNE ARUNDEL",152,0,0,0,"Nov 9",44.5
"BALTIMORE",318,0,0,0,"Nov 9",44.5
"BALTIMORE CITY",258,0,0,0,"Nov 9",44.5
"CALVERT",16,0,0,0,"Nov 9",44.5
"CAROLINE",12,0,0,0,"Nov 9",44.5
"CARROLL",39,0,0,0,"Nov 9",44.5
"CECIL",29,0,0,0,"Nov 9",44.5
"CHARLES",59,0,0,0,"Nov 9",44.5
"DORCHESTER",15,0,0,0,"Nov 9",44.5
"FREDERICK",68,0,0,0,"Nov 9",44.5
"GARRETT",11,0,0,0,"Nov 9",44.5
"HARFORD",78,0,0,0,"Nov 9",44.5
"HOWARD",74,0,0,0,"Nov 9",44.5
"KENT",6,0,0,0,"Nov 9",44.5
"MONTGOMERY",209,0,0,0,"Nov 9",44.5
"NON-MARYLAND",192,0,0,0,"Nov 9",44.5
"PRINCE GEORGES",230,0,0,0,"Nov 9",44.5
"QUEEN ANNES",12,0,0,0,"Nov 9",44.5
"SOMERSET",9,0,0,0,"Nov 9",44.5
"ST MARYS",16,0,0,0,"Nov 9",44.5
"TALBOT",18,0,0,0,"Nov 9",44.5
"Unknown",28,0,0,0,"Nov 9",44.5
"WASHINGTON",50,0,0,0,"Nov 9",44.5
"WICOMICO",57,0,0,0,"Nov 9",44.5
"WORCESTER",109,0,0,0,"Nov 9",44.5
"ALLEGANY",27,0,0,0,"Nov 16",43.5
"ANNE ARUNDEL",164,0,0,0,"Nov 16",43.5
"BALTIMORE",312,0,0,0,"Nov 16",43.5
"BALTIMORE CITY",294,0,0,0,"Nov 16",43.5
"CALVERT",17,0,0,0,"Nov 16",43.5
"CAROLINE",6,0,0,0,"Nov 16",43.5
"CARROLL",42,0,0,0,"Nov 16",43.5
"CECIL",28,0,0,0,"Nov 16",43.5
"CHARLES",45,0,0,0,"Nov 16",43.5
"DORCHESTER",21,0,0,0,"Nov 16",43.5
"FREDERICK",68,0,0,0,"Nov 16",43.5
"GARRETT",9,0,0,0,"Nov 16",43.5
"HARFORD",78,0,0,0,"Nov 16",43.5
"HOWARD",58,0,0,0,"Nov 16",43.5
"KENT",5,0,0,0,"Nov 16",43.5
"MONTGOMERY",222,0,0,0,"Nov 16",43.5
"NON-MARYLAND",160,0,0,0,"Nov 16",43.5
"PRINCE GEORGES",239,0,0,0,"Nov 16",43.5
"QUEEN ANNES",14,0,0,0,"Nov 16",43.5
"SOMERSET",8,0,0,0,"Nov 16",43.5
"ST MARYS",11,0,0,0,"Nov 16",43.5
"TALBOT",13,0,0,0,"Nov 16",43.5
"Unknown",21,0,0,0,"Nov 16",43.5
"WASHINGTON",50,0,0,0,"Nov 16",43.5
"WICOMICO",65,0,0,0,"Nov 16",43.5
"WORCESTER",97,0,0,0,"Nov 16",43.5
"ALLEGANY",32,0,0,0,"Nov 23",49.5
"ANNE ARUNDEL",161,0,0,0,"Nov 23",49.5
"BALTIMORE",365,0,0,0,"Nov 23",49.5
"BALTIMORE CITY",265,0,0,0,"Nov 23",49.5
"CALVERT",27,0,0,0,"Nov 23",49.5
"CAROLINE",9,0,0,0,"Nov 23",49.5
"CARROLL",43,0,0,0,"Nov 23",49.5
"CECIL",20,0,0,0,"Nov 23",49.5
"CHARLES",74,0,0,0,"Nov 23",49.5
"DORCHESTER",13,0,0,0,"Nov 23",49.5
"FREDERICK",71,0,0,0,"Nov 23",49.5
"GARRETT",8,0,0,0,"Nov 23",49.5
"HARFORD",75,0,0,0,"Nov 23",49.5
"HOWARD",70,0,0,0,"Nov 23",49.5
"KENT",5,0,0,0,"Nov 23",49.5
"MONTGOMERY",213,0,0,0,"Nov 23",49.5
"NON-MARYLAND",220,0,0,0,"Nov 23",49.5
"PRINCE GEORGES",276,0,0,0,"Nov 23",49.5
"QUEEN ANNES",17,0,0,0,"Nov 23",49.5
"SOMERSET",8,0,0,0,"Nov 23",49.5
"ST MARYS",15,0,0,0,"Nov 23",49.5
"TALBOT",17,0,0,0,"Nov 23",49.5
"Unknown",23,0,0,0,"Nov 23",49.5
"WASHINGTON",56,0,0,0,"Nov 23",49.5
"WICOMICO",82,0,0,0,"Nov 23",49.5
"WORCESTER",90,0,0,0,"Nov 23",49.5
"ALLEGANY",26,0,0,0,"Nov 30",33.5
"ANNE ARUNDEL",361,0,0,0,"Nov 30",33.5
"BALTIMORE",279,0,0,0,"Nov 30",33.5
"BALTIMORE CITY",239,0,0,0,"Nov 30",33.5
"CALVERT",28,0,0,0,"Nov 30",33.5
"CAROLINE",11,0,0,0,"Nov 30",33.5
"CARROLL",34,0,0,0,"Nov 30",33.5
"CECIL",56,0,0,0,"Nov 30",33.5
"CHARLES",55,0,0,0,"Nov 30",33.5
"DORCHESTER",14,0,0,0,"Nov 30",33.5
"FREDERICK",60,0,0,0,"Nov 30",33.5
"GARRETT",15,0,0,0,"Nov 30",33.5
"HARFORD",62,0,0,0,"Nov 30",33.5
"HOWARD",60,0,0,0,"Nov 30",33.5
"KENT",26,0,0,0,"Nov 30",33.5
"MONTGOMERY",132,0,0,0,"Nov 30",33.5
"NON-MARYLAND",165,0,0,0,"Nov 30",33.5
"PRINCE GEORGES",175,0,0,0,"Nov 30",33.5
"QUEEN ANNES",11,0,0,0,"Nov 30",33.5
"SOMERSET",9,0,0,0,"Nov 30",33.5
"ST MARYS",7,0,0,0,"Nov 30",33.5
"TALBOT",10,0,0,0,"Nov 30",33.5
"Unknown",14,0,0,0,"Nov 30",33.5
"WASHINGTON",32,0,0,0,"Nov 30",33.5
"WICOMICO",33,0,0,0,"Nov 30",33.5
"WORCESTER",57,0,0,0,"Nov 30",33.5
"ALLEGANY",50,0,0,0,"Dec 7",59
"ANNE ARUNDEL",214,0,0,0,"Dec 7",59
"BALTIMORE",366,0,0,0,"Dec 7",59
"BALTIMORE CITY",324,0,0,0,"Dec 7",59
"CALVERT",31,0,0,0,"Dec 7",59
"CAROLINE",17,0,0,0,"Dec 7",59
"CARROLL",46,0,0,0,"Dec 7",59
"CECIL",41,0,0,0,"Dec 7",59
"CHARLES",77,0,0,0,"Dec 7",59
"DORCHESTER",22,0,0,0,"Dec 7",59
"FREDERICK",69,0,0,0,"Dec 7",59
"GARRETT",26,0,0,0,"Dec 7",59
"HARFORD",113,0,0,0,"Dec 7",59
"HOWARD",116,0,0,0,"Dec 7",59
"KENT",13,0,0,0,"Dec 7",59
"MONTGOMERY",258,0,0,0,"Dec 7",59
"NON-MARYLAND",277,0,0,0,"Dec 7",59
"PRINCE GEORGES",320,0,0,0,"Dec 7",59
"QUEEN ANNES",18,0,0,0,"Dec 7",59
"SOMERSET",10,0,0,0,"Dec 7",59
"ST MARYS",14,0,0,0,"Dec 7",59
"TALBOT",12,0,0,0,"Dec 7",59
"Unknown",28,0,0,0,"Dec 7",59
"WASHINGTON",68,0,0,0,"Dec 7",59
"WICOMICO",73,0,0,0,"Dec 7",59
"WORCESTER",72,0,0,0,"Dec 7",59
"ALLEGANY",33,0,0,0,"Dec 14",44
"ANNE ARUNDEL",134,0,0,0,"Dec 14",44
"BALTIMORE",315,0,0,0,"Dec 14",44
"BALTIMORE CITY",304,0,0,0,"Dec 14",44
"CALVERT",14,0,0,0,"Dec 14",44
"CAROLINE",10,0,0,0,"Dec 14",44
"CARROLL",52,0,0,0,"Dec 14",44
"CECIL",39,0,0,0,"Dec 14",44
"CHARLES",49,0,0,0,"Dec 14",44
"DORCHESTER",14,0,0,0,"Dec 14",44
"FREDERICK",74,0,0,0,"Dec 14",44
"GARRETT",22,0,0,0,"Dec 14",44
"HARFORD",101,0,0,0,"Dec 14",44
"HOWARD",66,0,0,0,"Dec 14",44
"KENT",22,0,0,0,"Dec 14",44
"MONTGOMERY",213,0,0,0,"Dec 14",44
"NON-MARYLAND",208,0,0,0,"Dec 14",44
"PRINCE GEORGES",259,0,0,0,"Dec 14",44
"QUEEN ANNES",20,0,0,0,"Dec 14",44
"SOMERSET",12,0,0,0,"Dec 14",44
"ST MARYS",10,0,0,0,"Dec 14",44
"TALBOT",10,0,0,0,"Dec 14",44
"Unknown",23,0,0,0,"Dec 14",44
"WASHINGTON",60,0,0,0,"Dec 14",44
"WICOMICO",35,0,0,0,"Dec 14",44
"WORCESTER",52,0,0,0,"Dec 14",44
"ALLEGANY",55,0,0,0,"Dec 21",54
"ANNE ARUNDEL",183,0,0,0,"Dec 21",54
"BALTIMORE",396,0,0,0,"Dec 21",54
"BALTIMORE CITY",483,0,0,0,"Dec 21",54
"CALVERT",24,0,0,0,"Dec 21",54
"CAROLINE",16,0,0,0,"Dec 21",54
"CARROLL",85,0,0,0,"Dec 21",54
"CECIL",31,0,0,0,"Dec 21",54
"CHARLES",53,0,0,0,"Dec 21",54
"DORCHESTER",13,0,0,0,"Dec 21",54
"FREDERICK",86,0,0,0,"Dec 21",54
"GARRETT",17,0,0,0,"Dec 21",54
"HARFORD",107,0,0,0,"Dec 21",54
"HOWARD",86,0,0,0,"Dec 21",54
"KENT",13,0,0,0,"Dec 21",54
"MONTGOMERY",244,0,0,0,"Dec 21",54
"NON-MARYLAND",195,0,0,0,"Dec 21",54
"PRINCE GEORGES",279,0,0,0,"Dec 21",54
"QUEEN ANNES",11,0,0,0,"Dec 21",54
"SOMERSET",18,0,0,0,"Dec 21",54
"ST MARYS",26,0,0,0,"Dec 21",54
"TALBOT",15,0,0,0,"Dec 21",54
"Unknown",37,0,0,0,"Dec 21",54
"WASHINGTON",63,0,0,0,"Dec 21",54
"WICOMICO",70,0,0,0,"Dec 21",54
"WORCESTER",47,0,0,0,"Dec 21",54
"ALLEGANY",74,0,0,0,"Dec 28",80
"ANNE ARUNDEL",383,0,0,0,"Dec 28",80
"BALTIMORE",482,0,0,0,"Dec 28",80
"BALTIMORE CITY",491,0,0,0,"Dec 28",80
"CALVERT",84,0,0,0,"Dec 28",80
"CAROLINE",24,0,0,0,"Dec 28",80
"CARROLL",124,0,0,0,"Dec 28",80
"CECIL",101,0,0,0,"Dec 28",80
"CHARLES",150,0,0,0,"Dec 28",80
"DORCHESTER",20,0,0,0,"Dec 28",80
"FREDERICK",76,0,0,0,"Dec 28",80
"GARRETT",17,0,0,0,"Dec 28",80
"HARFORD",194,0,0,0,"Dec 28",80
"HOWARD",122,0,0,0,"Dec 28",80
"KENT",18,0,0,0,"Dec 28",80
"MONTGOMERY",156,0,0,0,"Dec 28",80
"NON-MARYLAND",250,0,0,0,"Dec 28",80
"PRINCE GEORGES",235,0,0,0,"Dec 28",80
"QUEEN ANNES",26,0,0,0,"Dec 28",80
"SOMERSET",13,0,0,0,"Dec 28",80
"ST MARYS",36,0,0,0,"Dec 28",80
"TALBOT",28,0,0,0,"Dec 28",80
"Unknown",50,0,0,0,"Dec 28",80
"WASHINGTON",91,0,0,0,"Dec 28",80
"WICOMICO",46,0,0,0,"Dec 28",80
"WORCESTER",37,0,0,0,"Dec 28",80
